"ccn","ssn"
"3608-2507-5988-1001","301-25-1981"
"3608-2968-5745-1182","320-81-1629"
"3608-2507-5551-1128","138-30-1084"
"3608-2800-5634-1839","279-74-1000"
"3608-1333-5696-1217","368-30-1000"
"3608-2507-4445-1839","391-32-1768"
"3608-1192-4318-1856","138-46-1469"
"3608-2067-5724-1837","323-30-1051"
"3608-1782-5890-1673","116-44-1501"
"3608-1721-4711-1960","287-85-1263"
"3608-2588-5890-1014","279-82-1688"
"3608-1782-4158-1274","368-93-1940"
"3608-1333-5983-1322","339-82-1469"
"3608-1782-5333-1163","279-93-1338"
"3608-2968-4158-1194","216-60-1344"
"3608-1721-4344-1214","323-46-1954"
"3608-2968-5756-1109","408-99-1468"
"3608-1682-5407-1660","368-25-1289"
"3608-2800-5132-1130","368-60-1413"
"3608-2507-5766-1214","224-18-1733"
"3608-2800-5638-1693","368-23-1506"
"3608-2588-5766-1001","320-55-1603"
"3608-1721-5696-1121","301-18-1514"
"3608-1721-4288-1551","287-44-1394"
"3608-2751-5394-1668","425-55-1050"
"3608-1721-5030-1465","287-51-1286"
"3608-2588-5634-1673","429-23-1642"
"3608-2968-5407-1637","339-82-1083"
"3608-2800-5724-1686","408-55-1529"
"3608-2181-4344-1435","279-18-1101"
"3608-2596-5696-1614","301-81-1329"
"3608-2507-5632-1134","216-60-1315"
"3608-2067-5333-1216","238-23-1664"
"3608-1721-4038-1037","381-30-1006"
"3608-2588-5394-1596","320-30-1912"
"3608-1682-5638-1265","301-54-1840"
"3608-1192-5132-1828","166-46-1891"
"3608-2067-5030-1435","224-23-1315"
"3608-1721-4580-1572","323-51-1512"
"3608-2968-4668-1190","425-23-1285"
"3608-2596-5407-1999","144-51-1148"
"3608-1721-5696-1134","320-31-1315"
"3608-1782-5132-1014","287-51-1519"
"3608-2588-5791-1572","301-30-1000"
"3608-2181-5884-1265","368-34-1020"
"3608-1682-4445-1274","339-81-1811"
"3608-2507-5634-1844","138-85-1331"
"3608-2751-5696-1856","166-34-1871"
"3608-2596-5691-1660","166-83-1757"
"3608-1192-4668-1976","216-74-1217"
"3608-2588-5791-1163","381-55-1723"
"3608-1395-5724-1054","238-44-1968"
"3608-2968-4657-1399","238-44-1883"
"3608-2751-5038-1301","301-81-1602"
"3608-2751-4445-1037","216-85-1108"
"3608-2596-4523-1794","381-18-1703"
"3608-2751-4657-1245","408-31-1958"
"3608-2596-4580-1717","166-60-1813"
"3608-2800-4523-1936","216-83-1312"
"3608-1333-5458-1377","138-83-1968"
"3608-2507-4711-1300","391-31-1519"
"3608-2968-4005-1054","301-82-1156"
"3608-1333-5132-1660","408-44-1339"
"3608-2968-4344-1931","408-60-1912"
"3608-2181-4994-1794","116-25-1941"
"3608-2181-4951-1344","238-55-1492"
"3608-1721-5333-1693","287-23-1739"
"3608-2067-5750-1351","408-51-1981"
"3608-1192-5634-1844","238-81-1163"
"3608-1395-4445-1589","368-46-1837"
"3608-1333-5638-1255","238-51-1345"
"3608-2507-5696-1190","320-83-1732"
"3608-1721-5333-1214","144-31-1240"
"3608-2968-5030-1435","368-18-1043"
"3608-2181-4458-1054","166-30-1521"
"3608-2067-5632-1217","391-54-1301"
"3608-1395-4458-1960","144-23-1579"
"3608-2588-5458-1351","381-54-1907"
"3608-1333-5132-1572","408-81-1011"
"3608-2968-5724-1804","116-55-1655"
"3608-1395-5791-1245","425-44-1338"
"3608-2751-5407-1795","391-23-1057"
"3608-1333-4668-1999","138-46-1723"
"3608-2751-5890-1476","320-18-1507"
"3608-1192-4394-1537","224-82-1822"
"3608-2181-4668-1744","116-82-1703"
"3608-1682-5634-1744","301-55-1758"
"3608-2968-5691-1518","144-99-1442"
"3608-1395-4394-1856","408-99-1224"
"3608-2507-5459-1474","339-25-1692"
"3608-1682-5791-1220","339-34-1405"
"3608-1192-5756-1344","144-34-1772"
"3608-1395-4383-1394","408-83-1329"
"3608-1395-4344-1551","368-81-1202"
"3608-2507-5551-1968","138-46-1038"
"3608-1782-5766-1163","391-83-1856"
"3608-2067-5983-1804","320-44-1171"
"3608-2067-4458-1474","368-23-1981"
"3608-2751-4657-1476","339-31-1108"
"3608-2968-4344-1497","301-32-1922"
"3608-1192-5489-1646","381-74-1603"
"3608-2751-5745-1795","138-23-1647"
"3608-1682-4711-1163","116-60-1605"
"3608-1333-5030-1055","116-83-1496"
"3608-1782-5634-1999","116-51-1324"
"3608-1192-4711-1381","238-23-1688"
"3608-1682-5696-1381","339-85-1240"
"3608-1333-4158-1623","323-34-1011"
"3608-1682-4160-1718","279-82-1269"
"3608-2968-4523-1983","339-44-1084"
"3608-1333-5459-1623","391-82-1612"
"3608-2751-5756-1892","144-83-1615"
"3608-1682-5988-1629","224-30-1057"
"3608-2751-4951-1198","216-93-1871"
"3608-1395-4264-1278","279-18-1840"
"3608-2751-4994-1838","368-85-1840"
"3608-1395-4711-1761","144-55-1620"
"3608-1782-5983-1497","238-44-1501"
"3608-1192-4329-1593","166-54-1199"
"3608-2588-5988-1558","320-34-1809"
"3608-2507-5696-1794","339-25-1664"
"3608-2968-4344-1355","381-55-1872"
"3608-1682-4342-1215","381-74-1442"
"3608-1782-4445-1052","238-25-1289"
"3608-2507-5634-1613","287-32-1727"
"3608-1682-5132-1399","287-83-1331"
"3608-2968-4668-1442","301-18-1022"
"3608-1682-4038-1344","144-51-1332"
"3608-2751-4005-1214","224-60-1813"
"3608-1721-5459-1617","238-54-1283"
"3608-2968-4523-1055","116-60-1703"
"3608-1192-5632-1976","408-82-1315"
"3608-1192-5884-1140","224-99-1101"
"3608-2181-4329-1537","144-55-1048"
"3608-1782-4160-1686","224-60-1227"
"3608-2588-5470-1935","216-18-1433"
"3608-2751-5634-1999","279-83-1193"
"3608-2588-5745-1094","339-51-1974"
"3608-2588-5015-1537","144-44-1733"
"3608-2751-5015-1190","368-18-1872"
"3608-2507-5132-1900","279-18-1084"
"3608-2507-4264-1682","279-54-1893"
"3608-1782-5638-1821","166-30-1021"
"3608-2751-5766-1983","368-51-1289"
"3608-2067-4288-1844","177-44-1413"
"3608-2067-5333-1475","138-51-1074"
"3608-2800-5015-1637","224-44-1825"
"3608-1782-5333-1693","166-83-1199"
"3608-2800-5196-1744","279-18-1307"
"3608-2181-4005-1068","177-85-1376"
"3608-1192-4383-1593","216-81-1171"
"3608-2968-5638-1383","425-54-1224"
"3608-1782-5884-1631","224-30-1500"
"3608-1333-5745-1976","177-81-1605"
"3608-2067-4288-1038","391-55-1083"
"3608-2751-4288-1189","287-34-1093"
"3608-1395-5756-1916","391-54-1043"
"3608-2800-4711-1054","116-99-1768"
"3608-2181-5152-1361","425-30-1025"
"3608-2588-5459-1465","429-54-1854"
"3608-1333-4342-1244","116-85-1924"
"3608-1721-4329-1300","216-85-1226"
"3608-2067-5333-1255","216-60-1011"
"3608-2507-5030-1129","177-85-1327"
"3608-1721-4344-1682","279-82-1158"
"3608-2968-5696-1128","116-81-1907"
"3608-1721-4668-1055","166-46-1530"
"3608-1192-4342-1109","177-54-1359"
"3608-2968-4160-1014","301-18-1140"
"3608-2507-5551-1109","177-55-1307"
"3608-2507-4005-1163","339-51-1344"
"3608-1782-4994-1306","429-46-1051"
"3608-2507-5152-1693","144-99-1423"
"3608-2588-5983-1804","429-55-1324"
"3608-1333-5884-1064","224-34-1940"
"3608-2507-5638-1355","339-60-1057"
"3608-1721-4445-1717","238-99-1025"
"3608-2588-5766-1216","279-44-1359"
"3608-2588-5038-1613","224-31-1433"
"3608-1192-5152-1718","116-99-1943"
"3608-2507-5983-1064","391-44-1727"
"3608-2181-5333-1856","279-32-1647"
"3608-2181-4318-1351","116-54-1968"
"3608-2507-5634-1128","381-54-1061"
"3608-2751-4344-1381","368-46-1957"
"3608-2596-4383-1837","144-74-1226"
"3608-2181-5745-1718","301-25-1603"
"3608-2507-5489-1718","408-82-1758"
"3608-1395-5152-1244","279-18-1680"
"3608-2067-5691-1038","116-83-1413"
"3608-2596-4342-1673","224-82-1924"
"3608-2507-5791-1068","339-82-1469"
"3608-1721-5015-1094","429-34-1378"
"3608-2507-5890-1053","116-18-1341"
"3608-2067-5489-1936","391-46-1022"
"3608-1721-5458-1037","138-81-1732"
"3608-1682-5988-1301","238-54-1647"
"3608-1395-4236-1300","320-60-1405"
"3608-2596-5766-1220","287-32-1757"
"3608-2067-4038-1001","224-46-1489"
"3608-2507-5988-1351","301-31-1376"
"3608-2751-5152-1130","224-46-1883"
"3608-1192-4158-1603","323-93-1463"
"3608-2968-5030-1163","287-51-1849"
"3608-2588-5407-1361","301-25-1851"
"3608-1395-5750-1440","279-51-1193"
"3608-2751-4580-1583","216-83-2000"
"3608-2507-4264-1935","138-54-1974"
"3608-2181-4383-1837","287-32-1511"
"3608-2968-4160-1603","224-81-1583"
"3608-1192-4005-1355","381-32-1413"
"3608-1721-5988-1631","116-93-1048"
"3608-1192-5459-1839","279-85-1727"
"3608-2751-5638-1631","138-99-1545"
"3608-2751-4160-1278","320-31-1291"
"3608-2800-5791-1821","144-60-1851"
"3608-2588-4236-1589","238-54-1854"
"3608-1333-5470-1109","301-82-1159"
"3608-1682-4668-1603","381-18-1758"
"3608-1721-5750-1983","238-85-1394"
"3608-1721-5458-1980","279-81-1101"
"3608-2181-4458-1344","238-44-1688"
"3608-2800-5470-1682","166-23-1703"
"3608-1192-5458-1892","320-30-1399"
"3608-2751-4318-1839","144-31-1288"
"3608-2968-4580-1976","177-18-1227"
"3608-1721-5983-1465","216-55-1291"
"3608-2507-5196-1109","116-34-1383"
"3608-1333-5750-1614","224-83-1394"
"3608-2181-4236-1214","368-18-1263"
"3608-1721-4288-1623","116-74-1057"
"3608-2751-4264-1435","323-55-1193"
"3608-1395-5489-1718","287-99-1954"
"3608-2596-5724-1322","144-31-1240"
"3608-1782-5988-1931","238-31-1393"
"3608-1682-4668-1915","279-81-1227"
"3608-2596-5459-1976","429-46-1021"
"3608-2800-4344-1613","425-30-1259"
"3608-1682-4458-1134","368-44-1828"
"3608-2507-5015-1597","429-44-1688"
"3608-1782-5634-1306","238-31-1981"
"3608-2067-4288-1245","216-31-1603"
"3608-2596-4580-1795","408-74-1262"
"3608-2507-4458-1255","166-31-1703"
"3608-2507-4994-1603","425-81-1757"
"3608-1395-5132-1399","216-85-1145"
"3608-2596-5724-1837","116-44-1501"
"3608-2067-5691-1915","429-55-1851"
"3608-1333-5890-1838","301-55-1805"
"3608-1395-5458-1130","138-44-1074"
"3608-1782-5983-1292","408-83-1647"
"3608-2067-5152-1637","425-54-1924"
"3608-1192-4856-1056","381-51-1012"
"3608-1333-4160-1399","116-18-1811"
"3608-2800-5394-1322","425-23-1778"
"3608-2968-4580-1344","238-83-1107"
"3608-1721-5750-1198","144-18-1811"
"3608-1782-4458-1682","368-34-1083"
"3608-1395-5551-1245","425-74-1733"
"3608-2800-5696-1968","408-34-1401"
"3608-2588-4158-1839","425-18-1156"
"3608-2968-4236-1163","323-18-1327"
"3608-1682-5038-1244","320-60-1758"
"3608-2067-5038-1537","368-51-1083"
"3608-1682-5489-1189","429-60-1435"
"3608-1395-4288-1194","166-46-1469"
"3608-1721-5196-1300","138-30-1727"
"3608-2751-4342-1686","368-32-1156"
"3608-1721-5459-1976","116-30-1331"
"3608-2800-5691-1839","166-51-1359"
"3608-2968-4668-1915","381-51-1603"
"3608-2800-4711-1572","320-55-1680"
"3608-1192-4318-1686","238-32-1156"
"3608-2588-5638-1558","323-25-1227"
"3608-1333-4523-1038","177-46-1226"
"3608-1192-4158-1128","368-55-1739"
"3608-2968-4342-1274","429-60-1491"
"3608-1682-5766-1351","138-82-1011"
"3608-2181-4038-1718","177-55-1423"
"3608-1333-5890-1216","144-82-1101"
"3608-2181-4711-1344","301-82-1914"
"3608-2181-5407-1660","381-82-1263"
"3608-1782-5745-1014","425-74-1061"
"3608-1682-4394-1190","287-25-1809"
"3608-2800-4158-1537","224-83-1530"
"3608-2596-5459-1465","323-55-1394"
"3608-1395-5884-1828","381-55-1943"
"3608-2507-4445-1157","166-93-1048"
"3608-2181-5015-1614","144-74-1680"
"3608-2181-5750-1935","144-31-1025"
"3608-2588-4994-1024","429-46-1216"
"3608-2181-4318-1056","224-44-1339"
"3608-2596-5407-1537","166-83-1759"
"3608-1395-5015-1194","425-74-1940"
"3608-1682-4329-1181","368-23-1612"
"3608-2596-4394-1916","408-51-1727"
"3608-2968-4994-1900","138-31-1680"
"3608-1682-5766-1435","339-82-1620"
"3608-1782-4994-1693","339-46-1813"
"3608-1333-4005-1936","425-85-2000"
"3608-2968-5756-1693","381-54-1605"
"3608-1782-4354-1744","138-81-1551"
"3608-2181-4394-1551","166-82-1883"
"3608-2751-4657-1344","138-30-1137"
"3608-2751-4580-1637","224-82-1535"
"3608-2968-4383-1140","216-60-1424"
"3608-2968-4038-1121","429-60-1061"
"3608-2751-5756-1900","116-83-1413"
"3608-1333-5634-1821","391-46-1891"
"3608-2507-5394-1216","381-74-1501"
"3608-1192-5696-1828","116-23-1866"
"3608-1721-5333-1614","279-83-1647"
"3608-2968-5015-1109","429-54-1469"
"3608-2507-5152-1596","323-23-1825"
"3608-1395-5470-1682","323-31-1551"
"3608-2588-4342-1216","408-18-1551"
"3608-2968-5132-1983","323-46-1941"
"3608-2968-5132-1215","381-30-1647"
"3608-1333-5890-1215","216-54-1958"
"3608-1395-5766-1745","216-99-1805"
"3608-2588-4344-1686","144-18-1759"
"3608-2507-5551-1583","116-82-1413"
"3608-1682-4523-1761","429-83-1635"
"3608-1333-5407-1744","177-99-1053"
"3608-2181-4580-1440","138-54-1992"
"3608-2507-4580-1551","238-51-1858"
"3608-2181-4236-1217","216-46-1914"
"3608-1333-5766-1761","408-74-1501"
"3608-1782-4344-1381","138-18-1849"
"3608-1682-5489-1163","287-85-1871"
"3608-1192-4344-1744","216-99-1025"
"3608-2588-4458-1804","368-32-1849"
"3608-2751-5890-1428","301-34-1019"
"3608-1333-5766-1892","279-55-1692"
"3608-2507-4354-1094","144-31-1985"
"3608-2751-4344-1278","339-54-1276"
"3608-1682-5132-1892","425-44-1101"
"3608-1682-4523-1589","408-54-1313"
"3608-1682-5766-1705","116-30-1957"
"3608-2588-5724-1128","166-30-1374"
"3608-1395-5030-1129","287-60-1291"
"3608-1721-5489-1916","224-60-1703"
"3608-1721-5756-1572","177-60-1985"
"3608-2507-4458-1301","238-93-1805"
"3608-2968-5394-1094","368-18-1061"
"3608-1192-5551-1465","144-32-1666"
"3608-2751-5551-1215","116-85-1057"
"3608-2507-4856-1306","323-18-1703"
"3608-1395-5791-1794","238-54-1893"
"3608-1682-4236-1976","381-83-1193"
"3608-2751-5638-1190","144-83-1469"
"3608-2507-4264-1428","116-85-2000"
"3608-1682-4344-1216","279-82-1511"
"3608-1721-5988-1614","238-83-1771"
"3608-1192-4038-1475","368-30-1345"
"3608-2968-4994-1476","391-25-1137"
"3608-1721-5766-1214","391-34-1957"
"3608-2596-4158-1306","320-32-1940"
"3608-2507-4394-1900","429-83-1771"
"3608-1395-4354-1163","116-93-1393"
"3608-1192-5696-1744","287-51-1283"
"3608-2588-4994-1593","381-25-1543"
"3608-1682-5152-1474","408-55-1483"
"3608-1782-5551-1936","287-82-1979"
"3608-2968-5632-1216","429-34-1417"
"3608-1721-5634-1629","279-25-1057"
"3608-2067-5470-1377","391-32-1163"
"3608-1682-4394-1351","216-44-1907"
"3608-1682-4856-1274","238-31-1393"
"3608-2596-5196-1804","320-44-1992"
"3608-2507-4354-1718","425-60-1506"
"3608-2800-5551-1900","216-55-1156"
"3608-1192-5458-1593","287-93-1463"
"3608-2067-4994-1001","224-81-1680"
"3608-1721-4264-1589","287-34-1914"
"3608-1395-5458-1474","116-54-1759"
"3608-2751-4318-1844","138-51-1159"
"3608-1333-5745-1936","301-55-1511"
"3608-2507-5724-1185","224-51-1924"
"3608-2751-5696-1960","391-81-1327"
"3608-2968-4329-1682","339-54-1974"
"3608-1333-5489-1351","320-23-1021"
"3608-1192-5196-1344","238-60-1856"
"3608-1682-4158-1744","323-34-1199"
"3608-1682-4344-1631","138-44-1469"
"3608-2507-5884-1163","224-31-1054"
"3608-1333-5489-1915","116-18-1341"
"3608-2507-4711-1551","144-81-1549"
"3608-1192-4318-1435","301-30-1000"
"3608-2507-4342-1999","323-85-1417"
"3608-1395-4445-1551","144-82-1768"
"3608-1682-5152-1140","238-93-1288"
"3608-2968-5152-1476","339-93-1159"
"3608-2968-4668-1931","408-81-1345"
"3608-1333-5132-1603","138-51-1549"
"3608-2181-5459-1377","224-51-1084"
"3608-2067-4354-1435","339-46-1549"
"3608-1192-4038-1157","138-51-1463"
"3608-1782-5458-1428","323-51-1020"
"3608-1192-4445-1189","408-81-1394"
"3608-2800-5407-1265","323-85-1413"
"3608-2968-5038-1306","238-51-1506"
"3608-2968-5459-1301","301-85-1612"
"3608-1395-4038-1292","138-32-1324"
"3608-2596-4158-1215","216-34-1048"
"3608-2507-4711-1596","320-34-1512"
"3608-2800-4394-1109","144-55-1101"
"3608-1192-4344-1617","368-54-1158"
"3608-2507-5196-1140","408-55-1137"
"3608-1682-4288-1558","287-23-1399"
"3608-2588-4236-1244","216-51-1805"
"3608-1395-4856-1682","391-31-1148"
"3608-1395-4038-1475","339-18-1301"
"3608-2507-5745-1407","323-99-1825"
"3608-2751-4668-1892","368-54-1019"
"3608-1782-5983-1032","323-85-1688"
"3608-2596-5459-1474","216-34-1500"
"3608-1682-4458-1916","408-82-1435"
"3608-1721-4264-1583","224-60-1327"
"3608-2751-4523-1198","287-82-1583"
"3608-1782-5470-1838","224-34-1727"
"3608-2181-5890-1976","320-82-1226"
"3608-2507-5745-1614","177-54-1378"
"3608-1782-5132-1381","323-32-1642"
"3608-1782-5890-1134","238-18-1530"
"3608-2751-5634-1686","425-32-1655"
"3608-1682-5489-1121","323-31-1307"
"3608-2800-4329-1856","216-85-1943"
"3608-1333-5015-1014","138-46-1703"
"3608-2067-4160-1032","238-44-1521"
"3608-1192-5638-1355","368-51-1401"
"3608-2507-4580-1255","301-93-1202"
"3608-2181-5038-1055","279-85-1171"
"3608-1682-4160-1617","301-51-1235"
"3608-2588-4158-1130","224-82-1519"
"3608-2507-5638-1053","320-46-1731"
"3608-2596-5696-1038","425-85-1957"
"3608-1192-4236-1037","138-46-1655"
"3608-1192-4580-1837","177-60-1543"
"3608-2507-5333-1292","287-99-1050"
"3608-1721-5458-1705","224-25-1224"
"3608-2067-5638-1377","323-46-1512"
"3608-2067-4580-1377","425-32-1854"
"3608-2751-4038-1668","301-51-1235"
"3608-2596-5196-1442","381-31-1312"
"3608-1333-5458-1322","381-25-1778"
"3608-2588-4329-1188","323-55-1753"
"3608-2507-5196-1220","216-54-1768"
"3608-2751-5988-1189","224-23-1394"
"3608-2968-5884-1300","177-23-1067"
"3608-1782-5132-1190","339-55-1084"
"3608-1721-4668-1351","301-51-1603"
"3608-2596-5756-1014","323-51-1825"
"3608-1721-5333-1617","287-18-1529"
"3608-1782-5407-1292","166-85-1811"
"3608-2181-5750-1383","224-30-1811"
"3608-2067-5459-1399","144-46-1491"
"3608-2507-4236-1593","368-23-1067"
"3608-2181-5489-1255","224-74-1405"
"3608-1682-5988-1476","320-60-1025"
"3608-2588-4236-1465","224-25-1723"
"3608-2588-5152-1217","368-32-1442"
"3608-2800-5030-1613","287-32-1067"
"3608-1721-5983-1109","177-54-1324"
"3608-2968-5691-1381","144-83-1329"
"3608-2067-4288-1014","177-60-1057"
"3608-1395-4951-1474","408-93-1727"
"3608-1721-4288-1109","224-55-1496"
"3608-1395-5890-1804","287-93-1392"
"3608-2800-4394-1244","408-46-1688"
"3608-2507-5015-1844","287-60-1159"
"3608-2067-5884-1274","238-83-1858"
"3608-2507-4264-1351","320-34-1778"
"3608-1192-5632-1551","166-30-1954"
"3608-1333-4994-1435","279-82-1435"
"3608-2751-4458-1795","287-60-1893"
"3608-1721-5791-1407","238-34-1083"
"3608-1682-4856-1383","216-34-1883"
"3608-1721-5634-1668","320-46-1417"
"3608-1333-4264-1935","166-51-1043"
"3608-2067-5724-1121","116-23-1021"
"3608-2596-5756-1593","279-30-1635"
"3608-1395-4580-1024","323-30-1140"
"3608-2181-5470-1278","323-99-1924"
"3608-1333-4951-1157","429-93-1974"
"3608-2968-5791-1292","368-18-1043"
"3608-1782-4342-1128","177-18-1958"
"3608-2067-5152-1134","425-44-1199"
"3608-1682-5756-1094","216-32-1703"
"3608-1782-5745-1056","177-44-1199"
"3608-2800-5152-1931","381-51-1492"
"3608-2596-5983-1188","323-30-1514"
"3608-1721-4236-1916","425-82-1995"
"3608-1333-4318-1381","216-51-1156"
"3608-2588-5766-1121","216-30-1940"
"3608-2800-4318-1344","287-34-1341"
"3608-1682-5988-1068","177-34-1000"
"3608-2800-4318-1014","116-18-1000"
"3608-2588-4158-1024","144-23-1448"
"3608-1333-5988-1407","279-31-1392"
"3608-1395-4951-1300","279-83-1216"
"3608-1333-5696-1673","339-44-1327"
"3608-2596-4394-1976","116-93-1519"
"3608-2596-5791-1744","287-30-1837"
"3608-1782-4342-1140","216-54-1500"
"3608-1682-4445-1572","138-30-1107"
"3608-1395-4951-1435","381-18-1378"
"3608-1395-5038-1603","339-51-1468"
"3608-2067-5030-1572","177-46-1286"
"3608-1333-5030-1128","279-81-1757"
"3608-2507-4394-1589","339-32-1148"
"3608-1395-4288-1109","425-32-1463"
"3608-1395-5724-1593","224-25-1981"
"3608-1333-5890-1399","166-85-1849"
"3608-1682-5489-1129","320-31-1727"
"3608-1782-5750-1838","320-25-1227"
"3608-2968-4288-1596","216-30-1507"
"3608-1192-5638-1474","320-32-1994"
"3608-2596-5038-1596","301-30-1825"
"3608-2067-4951-1278","381-34-1074"
"3608-2800-4342-1220","238-99-1399"
"3608-2588-5988-1646","177-54-1718"
"3608-1721-5458-1185","216-74-1327"
"3608-1682-5132-1440","381-32-1137"
"3608-2751-4329-1214","166-23-1723"
"3608-1192-4657-1537","339-25-1519"
"3608-2968-4580-1936","116-54-1500"
"3608-1333-5750-1032","224-74-1053"
"3608-2067-4458-1935","144-93-1680"
"3608-2067-5638-1037","216-23-1731"
"3608-2968-5152-1537","216-55-1979"
"3608-1192-5632-1064","224-25-1442"
"3608-1333-5038-1014","166-83-1759"
"3608-2596-5489-1960","320-54-1022"
"3608-1721-5030-1216","320-74-1367"
"3608-2507-4668-1163","287-99-1199"
"3608-2968-5696-1157","339-83-1680"
"3608-2067-5196-1055","368-51-1057"
"3608-1395-4951-1646","224-54-1237"
"3608-1782-4668-1916","138-81-1392"
"3608-2588-4288-1931","391-30-1872"
"3608-1192-5459-1399","287-99-1050"
"3608-1721-4856-1960","238-82-1423"
"3608-2181-5884-1838","320-81-1629"
"3608-2181-4458-1014","144-74-1156"
"3608-2800-5988-1839","408-51-1338"
"3608-1682-4994-1935","425-99-1093"
"3608-2588-5634-1185","339-18-1629"
"3608-1192-4344-1189","323-51-1469"
"3608-2067-5038-1198","138-46-1512"
"3608-2596-5489-1054","116-85-1512"
"3608-2751-4005-1355","238-60-1822"
"3608-2507-4668-1344","381-31-1329"
"3608-1395-5132-1617","301-81-1974"
"3608-1682-5551-1821","429-82-1339"
"3608-1682-4342-1744","166-54-1883"
"3608-2596-4458-1001","279-55-1968"
"3608-2800-5489-1839","320-54-1025"
"3608-1782-4344-1960","320-60-1747"
"3608-2596-4038-1614","177-83-1943"
"3608-1782-4856-1383","320-55-1718"
"3608-2596-5407-1844","279-30-1521"
"3608-1192-5691-1055","368-46-1262"
"3608-2507-4344-1220","381-54-1107"
"3608-2968-5038-1383","381-82-1084"
"3608-1682-4038-1394","323-82-1101"
"3608-1682-4580-1673","279-60-1483"
"3608-2751-5884-1623","144-82-1958"
"3608-1333-5691-1960","116-54-1500"
"3608-2067-5766-1631","408-93-1288"
"3608-2800-4038-1518","144-74-1727"
"3608-1395-4329-1551","238-44-1529"
"3608-1721-4236-1915","238-83-1620"
"3608-1395-5696-1828","279-81-1893"
"3608-2067-5696-1407","429-83-1620"
"3608-1682-5724-1745","238-18-1006"
"3608-2800-5030-1617","320-18-1549"
"3608-2067-4657-1255","279-31-1703"
"3608-2067-5791-1597","391-51-1025"
"3608-1395-5756-1705","408-44-1692"
"3608-1395-5634-1968","339-85-1051"
"3608-1192-5756-1631","238-46-1339"
"3608-2751-5132-1032","320-82-1985"
"3608-1782-5691-1821","177-46-1163"
"3608-2751-5634-1037","144-32-1405"
"3608-1395-4354-1121","287-93-1958"
"3608-1333-4005-1301","368-51-1399"
"3608-1721-4342-1300","323-30-1329"
"3608-2800-5756-1163","116-23-1529"
"3608-2800-5890-1673","138-51-1433"
"3608-2800-4856-1637","238-51-1514"
"3608-2067-4523-1440","216-25-1757"
"3608-2968-5489-1856","216-44-1732"
"3608-2507-4711-1428","368-54-1851"
"3608-1682-5750-1558","323-44-1506"
"3608-1192-4342-1383","408-30-1288"
"3608-1782-5038-1596","381-30-1883"
"3608-1682-5152-1399","279-55-1642"
"3608-1782-5458-1838","144-31-1393"
"3608-2588-5132-1052","339-55-1950"
"3608-2751-5632-1613","368-51-1367"
"3608-1395-5459-1518","287-32-1511"
"3608-1721-5038-1274","166-74-1367"
"3608-2596-5638-1892","381-25-1732"
"3608-2588-5394-1377","408-34-1543"
"3608-2067-4394-1795","320-74-1809"
"3608-1682-5632-1673","238-31-1655"
"3608-2507-4856-1931","166-34-1289"
"3608-2968-4236-1037","166-55-1019"
"3608-2751-4458-1718","116-82-1893"
"3608-1395-5696-1014","216-25-1048"
"3608-2588-5394-1617","320-44-1483"
"3608-2751-5470-1014","429-30-1374"
"3608-2067-4344-1255","323-81-1543"
"3608-1682-5152-1188","144-82-1492"
"3608-1333-4354-1300","238-82-1286"
"3608-1682-5638-1185","368-74-1038"
"3608-1782-4523-1121","287-51-1413"
"3608-1192-4994-1054","116-31-1837"
"3608-2596-5750-1068","224-44-1519"
"3608-2800-5691-1292","138-46-1615"
"3608-2181-5489-1551","216-34-1156"
"3608-2596-5766-1037","339-54-1269"
"3608-2067-4158-1383","287-83-1288"
"3608-1333-4236-1960","408-85-1664"
"3608-1192-5551-1613","138-54-1529"
"3608-2751-5459-1596","144-99-1025"
"3608-1333-5884-1121","144-31-1811"
"3608-1395-5988-1190","320-31-1269"
"3608-1682-4288-1014","408-81-1492"
"3608-1721-4354-1292","301-60-1747"
"3608-1192-4342-1673","368-81-1392"
"3608-2800-5038-1828","224-85-1093"
"3608-2968-5750-1980","425-60-1543"
"3608-2968-5791-1185","429-44-1327"
"3608-2588-4856-1804","177-31-1506"
"3608-2596-5489-1589","116-82-1193"
"3608-2181-4668-1109","408-25-1038"
"3608-1682-5333-1718","216-34-1011"
"3608-2596-5038-1009","323-44-1950"
"3608-2588-4445-1718","429-25-1253"
"3608-2596-5638-1915","391-18-1413"
"3608-2800-5489-1693","381-31-1496"
"3608-2751-4445-1094","381-85-1061"
"3608-1682-4856-1265","320-30-1468"
"3608-1192-4994-1037","391-32-1507"
"3608-1721-4394-1300","301-46-1583"
"3608-2067-4318-1804","224-85-1642"
"3608-2968-5745-1181","368-55-1579"
"3608-2800-4394-1381","238-51-1772"
"3608-1682-5696-1705","381-23-1025"
"3608-2751-5030-1435","144-44-1137"
"3608-2588-4580-1856","287-44-1269"
"3608-2596-5015-1300","368-82-1051"
"3608-2181-5470-1572","429-46-1376"
"3608-2596-4383-1322","301-34-1140"
"3608-2067-4288-1551","116-60-1019"
"3608-2596-4458-1134","116-46-1276"
"3608-2968-5196-1157","425-25-1612"
"3608-1395-5551-1717","301-25-1312"
"3608-2588-4342-1705","368-55-1286"
"3608-1333-4580-1274","144-60-1315"
"3608-1395-5750-1795","391-83-1053"
"3608-2067-5884-1157","138-44-1021"
"3608-1782-5634-1214","381-51-1828"
"3608-1721-4711-1189","381-60-1448"
"3608-1782-4158-1475","429-46-1811"
"3608-1192-4288-1617","177-46-1163"
"3608-2588-4160-1795","138-99-1285"
"3608-1682-5724-1968","408-74-1811"
"3608-1333-4856-1660","216-32-1535"
"3608-1682-5766-1693","391-23-1000"
"3608-2596-4264-1682","238-30-1954"
"3608-1395-4856-1094","138-31-1048"
"3608-1192-5988-1217","238-54-1635"
"3608-2596-4523-1292","144-34-1866"
"3608-2067-4005-1109","301-25-1237"
"3608-2968-4264-1181","320-81-1171"
"3608-2181-5152-1381","408-99-1401"
"3608-2181-5691-1558","138-81-1329"
"3608-2596-4318-1068","166-82-1053"
"3608-2800-5132-1189","301-44-1053"
"3608-1682-5038-1440","391-46-1237"
"3608-2800-4523-1292","238-93-1158"
"3608-2181-4160-1014","381-93-1378"
"3608-1333-4458-1744","408-83-1145"
"3608-2596-5745-1558","224-93-1394"
"3608-1682-5015-1064","166-99-1579"
"3608-2596-5394-1038","368-46-1051"
"3608-2968-5551-1474","425-99-1882"
"3608-2588-5745-1185","116-99-1259"
"3608-2751-4158-1693","144-85-1405"
"3608-1682-4005-1828","279-81-1291"
"3608-1192-5988-1306","238-51-1217"
"3608-2968-5030-1936","368-74-1856"
"3608-2507-5791-1668","279-85-1159"
"3608-1721-4288-1245","224-46-1312"
"3608-1395-5890-1194","323-55-1985"
"3608-2596-5152-1055","339-18-1269"
"3608-2588-4344-1583","166-54-1468"
"3608-2507-4668-1718","320-54-1263"
"3608-1721-5470-1301","116-81-1907"
"3608-2507-5333-1968","429-51-1871"
"3608-2800-5766-1916","144-55-1957"
"3608-2507-5750-1593","116-30-1757"
"3608-1395-5489-1892","425-81-1374"
"3608-1192-5196-1915","177-82-1501"
"3608-2588-5791-1190","287-44-1329"
"3608-2800-4344-1603","116-44-1022"
"3608-2968-5890-1682","166-30-1642"
"3608-1395-5458-1188","166-51-1367"
"3608-1782-5394-1804","301-55-1500"
"3608-1333-5766-1274","279-23-1664"
"3608-2751-4657-1355","425-25-1394"
"3608-1192-4344-1631","216-99-1849"
"3608-1682-5458-1744","177-85-1922"
"3608-2067-4264-1828","138-85-1301"
"3608-1782-5015-1551","368-55-1012"
"3608-1395-5196-1351","279-81-1331"
"3608-2181-5745-1435","116-44-1995"
"3608-2181-5983-1686","116-54-1327"
"3608-2596-4160-1844","216-55-1805"
"3608-2588-5333-1442","381-44-1758"
"3608-2968-4342-1761","339-93-1615"
"3608-1395-5015-1474","279-93-1341"
"3608-2751-5470-1068","339-99-1269"
"3608-2507-5458-1682","381-93-1891"
"3608-1192-4318-1935","301-32-1253"
"3608-1721-5196-1322","166-30-1583"
"3608-1333-5407-1794","144-46-1156"
"3608-2507-4856-1214","339-93-1158"
"3608-1682-4344-1475","238-93-1383"
"3608-2968-4236-1140","320-54-1647"
"3608-1192-5691-1821","279-55-1108"
"3608-2751-5470-1442","323-23-1067"
"3608-2588-5632-1476","408-99-1283"
"3608-2800-4354-1265","381-34-1492"
"3608-1782-5745-1613","408-93-1758"
"3608-1395-4038-1038","408-93-1043"
"3608-2588-5983-1038","279-55-1376"
"3608-2507-5015-1245","391-93-1753"
"3608-1782-5983-1244","368-25-1535"
"3608-1721-4668-1629","425-81-1602"
"3608-2588-4580-1428","238-44-1483"
"3608-1721-4318-1900","238-99-1914"
"3608-1395-4951-1637","323-44-1061"
"3608-2751-4711-1936","368-93-1605"
"3608-2181-5038-1185","368-44-1405"
"3608-1682-5470-1614","339-30-1286"
"3608-2588-5696-1182","408-34-2000"
"3608-2751-5766-1795","381-81-1259"
"3608-2588-4458-1596","224-34-1940"
"3608-1333-5333-1892","216-44-1038"
"3608-1721-5132-1968","224-60-1757"
"3608-2968-5638-1435","339-74-1813"
"3608-2067-4288-1892","381-25-1732"
"3608-2507-5756-1055","116-46-1943"
"3608-2751-5038-1660","320-93-1101"
"3608-2588-5030-1968","216-31-1483"
"3608-1333-5196-1892","323-31-1084"
"3608-1721-5038-1442","391-54-1061"
"3608-2588-4445-1428","323-74-1912"
"3608-1333-5696-1551","391-46-1731"
"3608-2588-5551-1915","391-74-1801"
"3608-2800-5333-1216","301-23-1442"
"3608-2751-5152-1244","425-46-1680"
"3608-2751-4329-1435","381-25-1968"
"3608-1682-5890-1306","177-85-1981"
"3608-2751-4856-1407","301-32-1442"
"3608-1333-5458-1134","279-46-1950"
"3608-2181-5791-1915","177-82-1907"
"3608-2181-4383-1399","279-55-1753"
"3608-2596-4668-1038","116-60-1339"
"3608-2800-5983-1474","391-18-1374"
"3608-1395-4445-1637","166-25-1511"
"3608-2596-5988-1128","116-82-1367"
"3608-2181-4264-1399","138-99-1629"
"3608-2751-4344-1915","408-93-1163"
"3608-1395-4344-1583","138-74-1276"
"3608-1721-5394-1537","408-55-1313"
"3608-2800-4668-1968","138-46-1339"
"3608-1721-5988-1244","381-23-1727"
"3608-1682-4160-1558","368-55-1856"
"3608-1782-5132-1968","301-82-1664"
"3608-2588-5750-1428","301-83-1483"
"3608-1395-5696-1054","177-93-1053"
"3608-2751-5988-1055","287-60-1417"
"3608-1333-4344-1435","408-30-1491"
"3608-2507-4264-1053","116-99-1519"
"3608-1782-5459-1361","320-18-1805"
"3608-1682-5638-1292","216-55-1941"
"3608-1682-5407-1936","238-85-1981"
"3608-2181-5038-1322","381-55-1237"
"3608-1395-4580-1442","116-81-1289"
"3608-1721-4383-1475","320-34-1512"
"3608-1721-5884-1900","391-51-1529"
"3608-1682-5638-1856","216-44-1227"
"3608-1721-5696-1428","425-93-1958"
"3608-1782-5988-1163","408-55-1338"
"3608-1192-4264-1968","429-44-1202"
"3608-2968-4383-1009","224-23-1057"
"3608-2067-4005-1968","368-81-1563"
"3608-1333-4329-1054","287-55-1731"
"3608-2968-5724-1001","320-32-1145"
"3608-1721-5791-1475","144-81-1747"
"3608-1395-4264-1572","368-34-1813"
"3608-2596-5132-1056","320-34-1093"
"3608-1721-4038-1686","368-51-1731"
"3608-2507-5632-1140","238-25-1822"
"3608-2800-5691-1821","320-18-1479"
"3608-2751-5196-1306","391-31-1958"
"3608-2588-5638-1839","177-60-1107"
"3608-1782-5745-1668","320-18-1979"
"3608-2596-4329-1194","339-34-1514"
"3608-2067-4342-1629","368-51-1747"
"3608-1721-4856-1014","216-18-1768"
"3608-1333-5691-1255","339-32-1235"
"3608-2968-5407-1474","224-18-1483"
"3608-2181-4711-1603","429-23-1642"
"3608-2588-4951-1717","391-74-1359"
"3608-2588-4236-1351","238-23-1866"
"3608-1333-5407-1828","339-44-1602"
"3608-2588-4856-1181","339-25-1489"
"3608-1682-4523-1399","391-55-1703"
"3608-1721-5459-1052","381-60-1392"
"3608-2588-5333-1129","177-54-1020"
"3608-1782-4994-1064","279-81-1635"
"3608-1682-4580-1194","381-44-1093"
"3608-1721-4342-1355","224-60-1376"
"3608-2067-4354-1182","138-82-1393"
"3608-2588-5745-1613","216-18-1050"
"3608-2588-5551-1637","408-32-1602"
"3608-2800-4038-1916","279-44-1809"
"3608-2596-4580-1686","429-32-1849"
"3608-2800-5132-1551","238-55-1269"
"3608-1395-5333-1844","287-55-1995"
"3608-1682-5394-1551","138-60-1849"
"3608-1395-5038-1094","216-82-1629"
"3608-2800-5766-1497","381-99-1339"
"3608-1333-5407-1682","238-82-1602"
"3608-1395-4383-1383","238-99-1392"
"3608-2751-5691-1623","429-85-1374"
"3608-1395-4344-1646","166-99-1957"
"3608-2588-5394-1476","279-30-1768"
"3608-1782-5459-1181","138-23-1392"
"3608-1395-4711-1839","425-46-1851"
"3608-1395-5030-1300","177-81-1401"
"3608-2181-5489-1245","238-46-1514"
"3608-2067-4005-1068","320-30-1549"
"3608-2067-4458-1668","391-46-1759"
"3608-2067-4354-1682","425-83-1156"
"3608-1192-5745-1134","116-99-1837"
"3608-2968-5890-1629","166-18-1253"
"3608-2181-4342-1629","368-54-1732"
"3608-2181-4264-1623","177-34-1529"
"3608-2067-4994-1572","323-30-1500"
"3608-2596-5634-1558","339-46-1448"
"3608-1721-5394-1134","224-44-1199"
"3608-2968-5791-1121","224-25-1341"
"3608-2800-5750-1064","177-31-1417"
"3608-1192-4318-1244","166-74-1235"
"3608-1782-4288-1476","279-93-1768"
"3608-2596-5458-1245","138-32-1521"
"3608-1721-5724-1682","138-55-1083"
"3608-2751-4329-1306","144-74-1811"
"3608-1782-5696-1198","166-82-1872"
"3608-2968-5470-1054","216-83-1703"
"3608-1782-4523-1617","301-46-1506"
"3608-2067-4445-1686","429-82-1506"
"3608-2067-5696-1518","287-85-1448"
"3608-2588-5152-1053","339-23-1723"
"3608-1192-5696-1265","287-82-1979"
"3608-2968-5470-1572","177-99-1995"
"3608-1333-5394-1024","408-31-1224"
"3608-1721-5884-1214","138-30-1825"
"3608-1721-5030-1053","408-32-1602"
"3608-1682-4342-1428","408-60-1240"
"3608-1333-4329-1109","425-82-1995"
"3608-2968-4329-1140","116-83-1778"
"3608-2800-4344-1377","138-30-1501"
"3608-2067-5983-1589","323-25-2000"
"3608-2181-5551-1935","429-30-1093"
"3608-1721-4038-1440","425-30-1772"
"3608-2507-4160-1960","323-83-1413"
"3608-2507-5551-1265","216-31-1837"
"3608-2800-4005-1856","279-74-1854"
"3608-1782-4160-1474","381-93-1171"
"3608-2588-4580-1593","323-93-1283"
"3608-1333-4711-1839","216-55-1253"
"3608-2588-5724-1068","368-82-1851"
"3608-2968-4158-1839","116-54-1226"
"3608-2507-5884-1014","287-18-1367"
"3608-2596-4160-1399","279-23-1854"
"3608-2067-5333-1631","320-60-1374"
"3608-2588-4523-1032","144-25-1276"
"3608-1395-4160-1121","339-55-1950"
"3608-2751-4236-1597","144-60-1985"
"3608-2800-5459-1322","279-31-1703"
"3608-1395-4394-1140","216-25-1602"
"3608-1192-5791-1014","381-74-1974"
"3608-2968-4005-1497","238-25-1469"
"3608-1721-5030-1537","301-85-1837"
"3608-1721-5696-1394","339-54-1259"
"3608-1333-4344-1596","166-31-1237"
"3608-1782-5470-1465","408-85-1022"
"3608-2067-5015-1558","177-54-1479"
"3608-2067-5132-1182","301-44-1968"
"3608-2181-4383-1705","144-74-1084"
"3608-1682-5745-1983","323-46-1849"
"3608-1782-4657-1744","391-55-1083"
"3608-1192-5750-1157","138-51-1943"
"3608-2588-4856-1194","425-55-1655"
"3608-2067-5132-1558","138-32-1958"
"3608-2968-4354-1935","339-60-1854"
"3608-2596-4288-1551","320-54-1545"
"3608-2507-5470-1278","279-30-1605"
"3608-1682-5551-1623","429-34-1417"
"3608-2507-5015-1053","238-60-1424"
"3608-1682-5489-1181","339-83-1159"
"3608-1333-4158-1935","216-30-1500"
"3608-2507-5038-1394","320-31-1828"
"3608-2968-4458-1968","144-44-1551"
"3608-2800-4342-1245","381-32-1315"
"3608-1782-5394-1322","144-30-1957"
"3608-2968-4344-1976","166-85-1981"
"3608-1721-5152-1821","116-85-1283"
"3608-2181-5638-1383","177-60-1731"
"3608-2751-4342-1960","339-74-1288"
"3608-2588-5745-1163","224-51-1289"
"3608-2968-5470-1244","368-83-1331"
"3608-1333-5756-1068","368-82-1341"
"3608-2800-5551-1668","425-60-1048"
"3608-1192-4158-1024","323-32-1492"
"3608-2968-4383-1394","391-74-1805"
"3608-2751-5551-1551","368-31-1941"
"3608-1333-5634-1407","320-30-1809"
"3608-2751-5724-1217","320-60-1924"
"3608-2067-4038-1916","368-83-1612"
"3608-1333-5766-1292","320-82-1307"
"3608-1333-4657-1745","368-83-1759"
"3608-1395-5196-1960","301-83-1501"
"3608-1333-4951-1537","429-85-1805"
"3608-1682-5015-1009","320-25-1158"
"3608-2588-4264-1629","425-23-1958"
"3608-2596-4038-1900","320-30-1549"
"3608-2751-5551-1377","177-34-1158"
"3608-2181-5015-1322","279-74-1022"
"3608-1333-5638-1497","408-25-1084"
"3608-1192-5458-1518","177-74-1882"
"3608-2181-5638-1936","323-99-1739"
"3608-2968-4856-1976","144-34-1083"
"3608-2596-5890-1355","144-54-1359"
"3608-2181-4445-1214","429-82-1338"
"3608-1721-4005-1705","381-82-1882"
"3608-2751-4951-1121","408-25-1468"
"3608-1721-5745-1614","138-32-1315"
"3608-2588-4383-1589","408-32-1605"
"3608-2968-4951-1583","429-99-1727"
"3608-1721-5152-1999","116-74-1226"
"3608-1395-5458-1828","279-85-1202"
"3608-2800-4657-1032","391-93-1413"
"3608-1682-5890-1009","391-31-1753"
"3608-1682-4344-1052","216-85-1226"
"3608-1682-5152-1265","177-18-1883"
"3608-1682-4445-1442","391-51-1193"
"3608-1782-5030-1128","408-32-1924"
"3608-1682-5030-1163","320-54-1424"
"3608-2067-5634-1646","323-44-1061"
"3608-1721-4160-1465","216-30-1851"
"3608-2968-5750-1474","320-93-1732"
"3608-1395-5983-1673","116-99-1757"
"3608-2968-5745-1668","238-23-1479"
"3608-2507-5988-1052","116-30-1301"
"3608-1395-5333-1892","429-54-1240"
"3608-1192-4038-1052","339-93-1727"
"3608-1333-5988-1301","339-83-1985"
"3608-2968-4951-1572","323-44-1043"
"3608-1192-5038-1300","368-93-1739"
"3608-2968-4318-1428","138-18-1020"
"3608-2968-4523-1322","287-81-1226"
"3608-1721-5458-1052","138-34-1995"
"3608-1333-5634-1435","144-23-1849"
"3608-2181-5696-1244","408-31-1912"
"3608-2968-4005-1052","381-93-1022"
"3608-1192-4160-1037","238-23-1463"
"3608-2067-5015-1475","177-18-1424"
"3608-2800-5890-1129","320-31-1193"
"3608-2800-4711-1900","429-30-2000"
"3608-2596-4236-1623","224-82-1374"
"3608-2067-5489-1129","429-55-1148"
"3608-2588-4523-1216","339-44-1057"
"3608-2800-4458-1828","323-99-1006"
"3608-1682-4329-1306","279-81-1262"
"3608-2181-4856-1300","166-60-1324"
"3608-1395-4668-1198","408-44-1758"
"3608-2507-4994-1931","301-93-1202"
"3608-1333-5038-1032","116-74-1423"
"3608-2507-5745-1637","116-18-1883"
"3608-2067-4354-1856","166-99-1084"
"3608-2800-5724-1377","224-18-1615"
"3608-1782-4580-1300","279-18-1392"
"3608-2596-5766-1837","391-31-1514"
"3608-1721-5196-1301","339-93-1158"
"3608-2067-4394-1718","323-74-1912"
"3608-2181-5470-1475","368-85-1500"
"3608-1682-4951-1931","320-99-1950"
"3608-2751-4005-1198","224-46-1053"
"3608-1721-5458-1682","216-83-1974"
"3608-1333-4445-1037","368-30-1051"
"3608-1721-4160-1440","339-30-1423"
"3608-2751-5030-1014","301-83-1985"
"3608-1721-5724-1442","323-46-1549"
"3608-2968-5333-1274","216-46-1394"
"3608-2588-4458-1009","391-93-1957"
"3608-2596-5030-1935","116-85-1891"
"3608-2751-4523-1435","381-44-1159"
"3608-1395-4951-1916","177-18-1193"
"3608-2507-4344-1140","391-85-1140"
"3608-2751-4236-1220","224-31-1629"
"3608-1782-4038-1024","408-83-1801"
"3608-1192-5394-1394","368-55-1286"
"3608-1333-4038-1300","177-46-1891"
"3608-2751-4264-1265","166-74-1883"
"3608-2596-5756-1613","368-30-1924"
"3608-2067-5983-1916","301-55-1837"
"3608-1682-5890-1278","224-18-1492"
"3608-2588-4711-1983","339-25-1692"
"3608-1192-5983-1474","368-54-1226"
"3608-2507-5196-1009","408-99-1549"
